{
	"format_version": "1.8.0",
	"animations": {
		"animation.fredbear.attack": {
			"loop": true,
			"animation_length": 4.25,
			"bones": {
				"body4": {
					"rotation": {
						"0.0": [
							0,
							0,
							0
						],
						"0.375": [
							92.5,
							0,
							0
						],
						"0.5417": [
							60,
							0,
							0
						],
						"0.8333": [
							60,
							"0+math.sin(query.life_time*4000)*0.8",
							0
						],
						"2.875": [
							60,
							"0+math.sin(query.life_time*4000)*0.8",
							0
						],
						"3.0417": [
							60,
							0,
							0
						],
						"3.6667": [
							60,
							0,
							0
						],
						"4.25": [
							0,
							0,
							0
						]
					}
				},
				"head2": {
					"rotation": {
						"0.0": [
							0,
							0,
							0
						],
						"0.125": [
							-62.5,
							0,
							0
						],
						"0.25": [
							-60,
							0,
							0
						],
						"0.4583": [
							15,
							0,
							0
						],
						"0.5833": [
							30,
							0,
							0
						],
						"0.75": [
							-57.5,
							0,
							0
						],
						"0.9583": [
							-57.5,
							"0+math.sin(query.life_time*6000)*2",
							0
						],
						"2.75": [
							-67.3696,
							"0+math.sin(query.life_time*6000)*2",
							0
						],
						"3.0417": [
							-72.07447,
							-21.20407,
							-0.15403
						],
						"3.25": [
							-66.2456,
							-34.83946,
							-3.58259
						],
						"3.5833": [
							-66.2456,
							-34.83946,
							-3.58259
						],
						"4.25": [
							0,
							0,
							0
						]
					},
					"position": {
						"2.8333": [
							0,
							0,
							0
						],
						"3.0833": [
							0,
							-1.04205,
							0.6
						],
						"3.1667": [
							0,
							1.73205,
							-1
						],
						"4.25": [
							0,
							0,
							0
						]
					},
					"scale": {
						"2.8333": [
							1,
							1,
							1
						],
						"2.9583": [
							1,
							1.2,
							0.6
						],
						"3.1667": [
							1.4,
							0.4,
							1.5
						],
						"3.2917": [
							0.9,
							1.2,
							1.1
						],
						"3.4167": [
							1,
							1,
							1
						]
					}
				},
				"head_up": {
					"rotation": {
						"0.0": [
							0,
							0,
							0
						],
						"0.1667": [
							-7.5,
							0,
							0
						],
						"0.3333": [
							-15.53,
							0,
							0
						],
						"0.5833": [
							15.02,
							0,
							0
						],
						"0.9583": [
							0,
							0,
							0
						],
						"2.9583": [
							-15,
							0,
							0
						],
						"3.0833": [
							-22.5,
							0,
							0
						],
						"3.1667": [
							-36.25,
							0,
							0
						],
						"3.25": [
							0,
							0,
							0
						],
						"3.375": [
							-5,
							0,
							0
						],
						"3.7917": [
							0,
							0,
							0
						]
					},
					"position": {
						"0.7917": [
							0,
							0,
							0
						],
						"0.875": [
							0,
							0,
							0
						],
						"0.9583": [
							0,
							2,
							-2
						],
						"3.1667": [
							0,
							2,
							-2
						],
						"3.25": [
							0,
							0,
							0
						]
					},
					"scale": [
						1,
						1,
						1
					]
				},
				"head_down": {
					"rotation": {
						"0.5417": [
							0,
							0,
							0
						],
						"0.8333": [
							62.5,
							0,
							0
						],
						"2.75": [
							62.5,
							0,
							0
						],
						"2.9583": [
							77.77045,
							6.76666,
							2.05925
						],
						"3.2917": [
							-10,
							0,
							0
						],
						"3.5": [
							5,
							0,
							0
						],
						"3.7917": [
							0,
							0,
							0
						]
					},
					"position": {
						"0.875": [
							0,
							0,
							0
						],
						"0.9583": [
							0,
							-1,
							1
						],
						"3.1667": [
							0,
							-1,
							1
						],
						"3.25": [
							0,
							0,
							0
						]
					}
				},
				"rightitem": {
					"rotation": [
						0,
						0,
						0
					],
					"position": [
						0,
						0,
						3
					]
				},
				"bone": {
					"rotation": [
						0,
						180,
						0
					]
				},
				"hidraulics": {
					"rotation": {
						"0.0": [
							0,
							0,
							0
						],
						"0.2083": [
							-7.5,
							0,
							0
						],
						"0.625": [
							-7.5,
							0,
							0
						],
						"0.8333": [
							-22.5,
							0,
							0
						],
						"0.9583": [
							-37.5,
							0,
							0
						],
						"2.4583": [
							-42.5,
							0,
							0
						],
						"2.7917": [
							-42.5,
							0,
							0
						],
						"2.9583": [
							-65,
							0,
							0
						],
						"3.1667": [
							-17.5,
							0,
							0
						],
						"3.2917": [
							0,
							0,
							0
						]
					},
					"position": {
						"0.0": [
							0,
							0,
							0
						],
						"0.2083": [
							0,
							-0.24661,
							0.04102
						],
						"0.9583": [
							0,
							1.25,
							0.29
						],
						"3.1667": [
							0,
							1.25,
							0.29
						],
						"3.2917": [
							0,
							0,
							0
						]
					}
				},
				"bone9": {
					"position": {
						"0.875": [
							0,
							0,
							0
						],
						"0.9167": [
							0,
							1,
							0
						],
						"3.125": [
							0,
							1,
							0
						],
						"3.25": [
							0,
							0,
							0
						]
					}
				},
				"bone10": {
					"rotation": {
						"0.7917": [
							0,
							0,
							0
						],
						"0.9167": [
							0,
							0,
							0
						],
						"3.125": [
							0,
							0,
							0
						],
						"3.25": [
							0,
							0,
							0
						]
					},
					"position": {
						"0.875": [
							0,
							0,
							0
						],
						"0.9167": [
							0,
							2,
							0
						],
						"3.125": [
							0,
							2,
							0
						],
						"3.25": [
							0,
							0,
							0
						]
					}
				},
				"bone11": {
					"position": {
						"0.875": [
							0,
							0,
							0
						],
						"0.9167": [
							0,
							1,
							0
						],
						"3.125": [
							0,
							1,
							0
						],
						"3.25": [
							0,
							0,
							0
						]
					}
				},
				"bone12": {
					"position": {
						"0.875": [
							0,
							0,
							0
						],
						"0.9167": [
							0,
							2,
							0
						],
						"3.125": [
							0,
							2,
							0
						],
						"3.25": [
							0,
							0,
							0
						]
					}
				}
			}
		},
		"animation.fredbear.showtime": {
			"loop": true,
			"animation_length": 8.83333,
			"bones": {
				"body4": {
					"rotation": {
						"0.5": [
							0,
							0,
							0
						],
						"0.75": [
							0,
							7.5,
							0
						],
						"0.875": [
							0,
							7.5,
							0
						],
						"0.9583": [
							0,
							7.5,
							0
						],
						"1.1667": [
							0,
							15,
							0
						],
						"2.25": [
							0,
							15,
							0
						],
						"3.4167": [
							0,
							15,
							0
						],
						"4.0": [
							0,
							0,
							0
						],
						"5.0": [
							0,
							0,
							0
						],
						"5.4167": [
							0,
							-12.5,
							0
						],
						"6.7083": [
							0,
							-12.5,
							0
						],
						"7.9583": [
							0,
							0,
							0
						]
					}
				},
				"head2": {
					"rotation": {
						"0.9583": [
							0,
							0,
							0
						],
						"1.3333": [
							0,
							15,
							0
						],
						"3.25": [
							0,
							15,
							0
						],
						"3.5": [
							0,
							-15,
							0
						],
						"6.0": [
							0,
							-15,
							0
						],
						"6.4167": [
							0,
							27.5,
							0
						],
						"7.1667": [
							0,
							27.5,
							0
						],
						"7.6667": [
							0,
							0,
							0
						]
					}
				},
				"head_up": {
					"rotation": [
						0,
						0,
						0
					]
				},
				"left_arm_custom2": {
					"rotation": [
						-197.5,
						142.5,
						-212.5
					]
				},
				"right_forearm_custom_b4": {
					"rotation": [
						45,
						0,
						0
					]
				},